DATE,OBSERVER,SPECIES,PLOT,SIDE,WIDTH,N_OBSERVATION,Duration
8/23/2019,Justin,M,1,N/A,15.82,A,N/A
8/23/2019,Justin,M,1,N/A,14.35,B,N/A
8/23/2019,Justin,M,1,N/A,14.47,C,N/A
8/23/2019,Justin,M,1,N/A,14.71,D,N/A
8/23/2019,Justin,M,1,N/A,15.75,E,N/A
8/23/2019,Justin,M,1,N/A,14.46,F,N/A
8/23/2019,Justin,M,2,N/A,18.45,A,N/A
8/23/2019,Justin,M,2,N/A,15.7,B,N/A
8/23/2019,Justin,M,2,N/A,19.01,C,N/A
8/23/2019,Justin,M,2,N/A,18.74,D,N/A
8/23/2019,Justin,M,2,N/A,17.62,E,N/A
8/23/2019,Justin,M,2,N/A,19.49,F,N/A
8/23/2019,Justin,M,3,N/A,20.26,A,N/A
8/23/2019,Justin,M,3,N/A,19.99,B,N/A
8/23/2019,Justin,M,3,N/A,20.02,C,N/A
8/23/2019,Justin,M,3,N/A,21.34,D,N/A
8/23/2019,Justin,M,3,N/A,19.26,E,N/A
8/23/2019,Justin,M,3,N/A,19.3,F,N/A
8/23/2019,Justin,M,4,N/A,17.98,A,N/A
8/23/2019,Justin,M,4,N/A,18.83,B,N/A
8/23/2019,Justin,M,4,N/A,15.51,C,N/A
8/23/2019,Justin,M,4,N/A,19.84,D,N/A
8/23/2019,Justin,M,4,N/A,16.62,E,N/A
8/23/2019,Justin,M,4,N/A,20.38,F,N/A
8/23/2019,Justin,M,5,N/A,22.44,A,N/A
8/23/2019,Justin,M,5,N/A,8.26,B,N/A
8/23/2019,Justin,M,5,N/A,19.04,C,N/A
8/23/2019,Justin,M,5,N/A,20.57,D,N/A
8/23/2019,Justin,M,5,N/A,21.15,E,N/A
8/23/2019,Justin,M,5,N/A,22.37,F,N/A
8/23/2019,Justin,BC,1,N/A,13.85,A,N/A
8/23/2019,Justin,BC,1,N/A,14.2,B,N/A
8/23/2019,Justin,BC,1,N/A,5.37,C,N/A
8/23/2019,Justin,BC,1,N/A,11.9,D,N/A
8/23/2019,Justin,BC,1,N/A,12.01,E,N/A
8/23/2019,Justin,BC,1,N/A,12.24,F,N/A
8/23/2019,Justin,BC,2,N/A,18.45,A,N/A
8/23/2019,Justin,BC,2,N/A,4.77,B,N/A
8/23/2019,Justin,BC,2,N/A,11.85,C,N/A
8/23/2019,Justin,BC,2,N/A,21.46,D,N/A
8/23/2019,Justin,BC,2,N/A,12.96,E,N/A
8/23/2019,Justin,BC,2,N/A,11.12,F,N/A
8/23/2019,Justin,BC,3,N/A,16.96,A,N/A
8/23/2019,Justin,BC,3,N/A,22.95,B,N/A
8/23/2019,Justin,BC,3,N/A,20.11,C,N/A
8/23/2019,Justin,BC,3,N/A,20.16,D,N/A
8/23/2019,Justin,BC,3,N/A,17.18,E,N/A
8/23/2019,Justin,BC,3,N/A,21.42,F,N/A
8/23/2019,Justin,BC,4,N/A,15.96,A,N/A
8/23/2019,Justin,BC,4,N/A,18.63,B,N/A
8/23/2019,Justin,BC,4,N/A,16.13,C,N/A
8/23/2019,Justin,BC,4,N/A,20.98,D,N/A
8/23/2019,Justin,BC,4,N/A,16.78,E,N/A
8/23/2019,Justin,BC,4,N/A,18.37,F,N/A
8/23/2019,Justin,BC,5,N/A,17.23,A,N/A
8/23/2019,Justin,BC,5,N/A,18.37,B,N/A
8/23/2019,Justin,BC,5,N/A,9.77,C,N/A
8/23/2019,Justin,BC,5,N/A,19.63,D,N/A
8/23/2019,Justin,BC,5,N/A,15.36,E,N/A
8/23/2019,Justin,BC,5,N/A,6,F,N/A
8/23/2019,Bethany,M,1,N/A,17.44,A,N/A
8/23/2019,Bethany,M,1,N/A,17.78,B,N/A
8/23/2019,Bethany,M,1,N/A,15.4,C,N/A
8/23/2019,Bethany,M,1,N/A,15.11,D,N/A
8/23/2019,Bethany,M,1,N/A,12.33,E,N/A
8/23/2019,Bethany,M,1,N/A,14.3,F,N/A
8/23/2019,Bethany,M,2,N/A,20,A,N/A
8/23/2019,Bethany,M,2,N/A,17.44,B,N/A
8/23/2019,Bethany,M,2,N/A,17.11,C,N/A
8/23/2019,Bethany,M,2,N/A,19.6,D,N/A
8/23/2019,Bethany,M,2,N/A,19.97,E,N/A
8/23/2019,Bethany,M,2,N/A,22.73,F,N/A
8/23/2019,Bethany,M,3,N/A,21.19,A,N/A
8/23/2019,Bethany,M,3,N/A,19.92,B,N/A
8/23/2019,Bethany,M,3,N/A,20.33,C,N/A
8/23/2019,Bethany,M,3,N/A,22.13,D,N/A
8/23/2019,Bethany,M,3,N/A,21.11,E,N/A
8/23/2019,Bethany,M,3,N/A,22.4,F,N/A
8/23/2019,Bethany,M,4,N/A,19.4,A,N/A
8/23/2019,Bethany,M,4,N/A,18.9,B,N/A
8/23/2019,Bethany,M,4,N/A,16.99,C,N/A
8/23/2019,Bethany,M,4,N/A,18.45,D,N/A
8/23/2019,Bethany,M,4,N/A,18.13,E,N/A
8/23/2019,Bethany,M,4,N/A,19.4,F,N/A
8/23/2019,Bethany,M,5,N/A,23.11,A,N/A
8/23/2019,Bethany,M,5,N/A,19.8,B,N/A
8/23/2019,Bethany,M,5,N/A,20.3,C,N/A
8/23/2019,Bethany,M,5,N/A,19.8,D,N/A
8/23/2019,Bethany,M,5,N/A,20,E,N/A
8/23/2019,Bethany,M,5,N/A,13.81,F,N/A
8/23/2019,Bethany,BC,1,N/A,12.14,A,N/A
8/23/2019,Bethany,BC,1,N/A,12.39,B,N/A
8/23/2019,Bethany,BC,1,N/A,12.04,C,N/A
8/23/2019,Bethany,BC,1,N/A,9.91,D,N/A
8/23/2019,Bethany,BC,1,N/A,8.57,E,N/A
8/23/2019,Bethany,BC,1,N/A,9.28,F,N/A
8/23/2019,Bethany,BC,2,N/A,19.62,A,N/A
8/23/2019,Bethany,BC,2,N/A,18.79,B,N/A
8/23/2019,Bethany,BC,2,N/A,18.6,C,N/A
8/23/2019,Bethany,BC,2,N/A,14.3,D,N/A
8/23/2019,Bethany,BC,2,N/A,20.97,E,N/A
8/23/2019,Bethany,BC,2,N/A,11.27,F,N/A
8/23/2019,Bethany,BC,3,N/A,18.64,A,N/A
8/23/2019,Bethany,BC,3,N/A,4.97,B,N/A
8/23/2019,Bethany,BC,3,N/A,5.99,C,N/A
8/23/2019,Bethany,BC,3,N/A,19.09,D,N/A
8/23/2019,Bethany,BC,3,N/A,19.24,E,N/A
8/23/2019,Bethany,BC,3,N/A,17.12,F,N/A
8/23/2019,Bethany,BC,4,N/A,18.81,A,N/A
8/23/2019,Bethany,BC,4,N/A,12.24,B,N/A
8/23/2019,Bethany,BC,4,N/A,11.18,C,N/A
8/23/2019,Bethany,BC,4,N/A,13.71,D,N/A
8/23/2019,Bethany,BC,4,N/A,16.28,E,N/A
8/23/2019,Bethany,BC,4,N/A,18.3,F,N/A
8/23/2019,Bethany,BC,5,N/A,20.68,A,N/A
8/23/2019,Bethany,BC,5,N/A,18.42,B,N/A
8/23/2019,Bethany,BC,5,N/A,18.33,C,N/A
8/23/2019,Bethany,BC,5,N/A,9.85,D,N/A
8/23/2019,Bethany,BC,5,N/A,21.41,E,N/A
8/23/2019,Bethany,BC,5,N/A,18.93,F,N/A
8/28/2019,Justin,ES,1,L,8.51,A,12:50
8/28/2019,Justin,ES,1,L,8.33,B,12:50
8/28/2019,Justin,ES,1,L,15.6,C,12:50
8/28/2019,Justin,ES,1,L,6.9,D,12:50
8/28/2019,Justin,ES,1,L,11.8,E,12:50
8/28/2019,Justin,ES,1,L,12.3,F,12:50
8/28/2019,Justin,ES,1,R,12.67,A,12:50
8/28/2019,Justin,ES,1,R,10.9,B,12:50
8/28/2019,Justin,ES,1,R,9.1,C,12:50
8/28/2019,Justin,ES,1,R,12.61,D,12:50
8/28/2019,Justin,ES,1,R,9.67,E,12:50
8/28/2019,Justin,ES,1,R,13,F,12:50
8/28/2019,Justin,ES,2,L,15.32,A,12:50
8/28/2019,Justin,ES,2,L,18.5,B,12:50
8/28/2019,Justin,ES,2,L,19.88,C,12:50
8/28/2019,Justin,ES,2,L,12.5,D,12:50
8/28/2019,Justin,ES,2,L,11.54,E,12:50
8/28/2019,Justin,ES,2,L,17.5,F,12:50
8/28/2019,Justin,ES,2,R,14.01,A,12:50
8/28/2019,Justin,ES,2,R,19.67,B,12:50
8/28/2019,Justin,ES,2,R,18.95,C,12:50
8/28/2019,Justin,ES,2,R,20.87,D,12:50
8/28/2019,Justin,ES,2,R,18.9,E,12:50
8/28/2019,Justin,ES,2,R,20.9,F,12:50
8/28/2019,Justin,ES,3,L,18.36,A,12:50
8/28/2019,Justin,ES,3,L,16.18,B,12:50
8/28/2019,Justin,ES,3,L,17.85,C,12:50
8/28/2019,Justin,ES,3,L,8.05,D,12:50
8/28/2019,Justin,ES,3,L,18.12,E,12:50
8/28/2019,Justin,ES,3,L,17.28,F,12:50
8/28/2019,Justin,ES,3,R,18.61,A,12:50
8/28/2019,Justin,ES,3,R,19.52,B,12:50
8/28/2019,Justin,ES,3,R,16.51,C,12:50
8/28/2019,Justin,ES,3,R,19.7,D,12:50
8/28/2019,Justin,ES,3,R,16.23,E,12:50
8/28/2019,Justin,ES,3,R,15.94,F,12:50
8/28/2019,Justin,ES,4,L,17.78,A,12:50
8/28/2019,Justin,ES,4,L,17.18,B,12:50
8/28/2019,Justin,ES,4,L,17.91,C,12:50
8/28/2019,Justin,ES,4,L,20.01,D,12:50
8/28/2019,Justin,ES,4,L,17.18,E,12:50
8/28/2019,Justin,ES,4,L,20.54,F,12:50
8/28/2019,Justin,ES,4,R,13.02,A,12:50
8/28/2019,Justin,ES,4,R,11.45,B,12:50
8/28/2019,Justin,ES,4,R,12.19,C,12:50
8/28/2019,Justin,ES,4,R,19.13,D,12:50
8/28/2019,Justin,ES,4,R,19.87,E,12:50
8/28/2019,Justin,ES,4,R,17.7,F,12:50
8/28/2019,Justin,ES,5,L,16.73,A,12:50
8/28/2019,Justin,ES,5,L,17.03,B,12:50
8/28/2019,Justin,ES,5,L,18.86,C,12:50
8/28/2019,Justin,ES,5,L,18.17,D,12:50
8/28/2019,Justin,ES,5,L,16.24,E,12:50
8/28/2019,Justin,ES,5,L,11.6,F,12:50
8/28/2019,Justin,ES,5,R,17.99,A,12:50
8/28/2019,Justin,ES,5,R,19.82,B,12:50
8/28/2019,Justin,ES,5,R,15.96,C,12:50
8/28/2019,Justin,ES,5,R,13.67,D,12:50
8/28/2019,Justin,ES,5,R,20.86,E,12:50
8/28/2019,Justin,ES,5,R,18.85,F,12:50
8/28/2019,Naomi,ES,1,L,9.31,A,12:40
8/28/2019,Naomi,ES,1,L,8.332,B,12:40
8/28/2019,Naomi,ES,1,L,12.11,C,12:40
8/28/2019,Naomi,ES,1,L,15.53,D,12:40
8/28/2019,Naomi,ES,1,L,8.6,E,12:40
8/28/2019,Naomi,ES,1,L,13.8,F,12:40
8/28/2019,Naomi,ES,1,R,12.25,A,12:40
8/28/2019,Naomi,ES,1,R,12.01,B,12:40
8/28/2019,Naomi,ES,1,R,12.3,C,12:40
8/28/2019,Naomi,ES,1,R,11.05,D,12:40
8/28/2019,Naomi,ES,1,R,11.49,E,12:40
8/28/2019,Naomi,ES,1,R,12.43,F,12:40
8/28/2019,Naomi,ES,2,L,18.2,A,12:40
8/28/2019,Naomi,ES,2,L,14.5,B,12:40
8/28/2019,Naomi,ES,2,L,20.88,C,12:40
8/28/2019,Naomi,ES,2,L,17.96,D,12:40
8/28/2019,Naomi,ES,2,L,20.27,E,12:40
8/28/2019,Naomi,ES,2,L,7.22,F,12:40
8/28/2019,Naomi,ES,2,R,16.8,A,12:40
8/28/2019,Naomi,ES,2,R,16.92,B,12:40
8/28/2019,Naomi,ES,2,R,22.42,C,12:40
8/28/2019,Naomi,ES,2,R,20.02,D,12:40
8/28/2019,Naomi,ES,2,R,19.65,E,12:40
8/28/2019,Naomi,ES,2,R,19.83,F,12:40
8/28/2019,Naomi,ES,3,L,17.35,A,12:40
8/28/2019,Naomi,ES,3,L,18.41,B,12:40
8/28/2019,Naomi,ES,3,L,18.81,C,12:40
8/28/2019,Naomi,ES,3,L,9.18,D,12:40
8/28/2019,Naomi,ES,3,L,19.43,E,12:40
8/28/2019,Naomi,ES,3,L,14.72,F,12:40
8/28/2019,Naomi,ES,3,R,19.25,A,12:40
8/28/2019,Naomi,ES,3,R,19.33,B,12:40
8/28/2019,Naomi,ES,3,R,18.92,C,12:40
8/28/2019,Naomi,ES,3,R,11.74,D,12:40
8/28/2019,Naomi,ES,3,R,17.83,E,12:40
8/28/2019,Naomi,ES,3,R,17.81,F,12:40
8/28/2019,Naomi,ES,4,L,20.77,A,12:40
8/28/2019,Naomi,ES,4,L,10.17,B,12:40
8/28/2019,Naomi,ES,4,L,19.04,C,12:40
8/28/2019,Naomi,ES,4,L,16.99,D,12:40
8/28/2019,Naomi,ES,4,L,18.46,E,12:40
8/28/2019,Naomi,ES,4,L,17.03,F,12:40
8/28/2019,Naomi,ES,4,R,13.91,A,12:40
8/28/2019,Naomi,ES,4,R,20.04,B,12:40
8/28/2019,Naomi,ES,4,R,19.76,C,12:40
8/28/2019,Naomi,ES,4,R,12.62,D,12:40
8/28/2019,Naomi,ES,4,R,17.86,E,12:40
8/28/2019,Naomi,ES,4,R,18.37,F,12:40
8/28/2019,Naomi,ES,5,L,19.5,A,12:40
8/28/2019,Naomi,ES,5,L,19.01,B,12:40
8/28/2019,Naomi,ES,5,L,20.9,C,12:40
8/28/2019,Naomi,ES,5,L,18.1,D,12:40
8/28/2019,Naomi,ES,5,L,13.95,E,12:40
8/28/2019,Naomi,ES,5,L,18.2,F,12:40
8/28/2019,Naomi,ES,5,R,16.2,A,12:40
8/28/2019,Naomi,ES,5,R,19.59,B,12:40
8/28/2019,Naomi,ES,5,R,17.07,C,12:40
8/28/2019,Naomi,ES,5,R,18.5,D,12:40
8/28/2019,Naomi,ES,5,R,19.95,E,12:40
8/28/2019,Naomi,ES,5,R,21.77,F,12:40
8/28/2019,Megan,ES,1,L,11.3,A,17:10
8/28/2019,Megan,ES,1,L,14.16,B,17:10
8/28/2019,Megan,ES,1,L,10.25,C,17:10
8/28/2019,Megan,ES,1,L,11.8,D,17:10
8/28/2019,Megan,ES,1,L,10.97,E,17:10
8/28/2019,Megan,ES,1,L,12.3,F,17:10
8/28/2019,Megan,ES,1,R,13.17,A,17:10
8/28/2019,Megan,ES,1,R,11.3,B,17:10
8/28/2019,Megan,ES,1,R,10.47,C,17:10
8/28/2019,Megan,ES,1,R,11.55,D,17:10
8/28/2019,Megan,ES,1,R,12.7,E,17:10
8/28/2019,Megan,ES,1,R,10.67,F,17:10
8/28/2019,Megan,ES,2,L,16.9,A,17:10
8/28/2019,Megan,ES,2,L,15.6,B,17:10
8/28/2019,Megan,ES,2,L,17.3,C,17:10
8/28/2019,Megan,ES,2,L,18.2,D,17:10
8/28/2019,Megan,ES,2,L,11.9,E,17:10
8/28/2019,Megan,ES,2,L,11.6,F,17:10
8/28/2019,Megan,ES,2,R,17.8,A,17:10
8/28/2019,Megan,ES,2,R,20.8,B,17:10
8/28/2019,Megan,ES,2,R,10.4,C,17:10
8/28/2019,Megan,ES,2,R,20.4,D,17:10
8/28/2019,Megan,ES,2,R,13.1,E,17:10
8/28/2019,Megan,ES,2,R,19.6,F,17:10
8/28/2019,Megan,ES,3,L,18.4,A,17:10
8/28/2019,Megan,ES,3,L,16.4,B,17:10
8/28/2019,Megan,ES,3,L,18,C,17:10
8/28/2019,Megan,ES,3,L,18.3,D,17:10
8/28/2019,Megan,ES,3,L,21.2,E,17:10
8/28/2019,Megan,ES,3,L,18.4,F,17:10
8/28/2019,Megan,ES,3,R,19,A,17:10
8/28/2019,Megan,ES,3,R,29.7,B,17:10
8/28/2019,Megan,ES,3,R,16.2,C,17:10
8/28/2019,Megan,ES,3,R,16.8,D,17:10
8/28/2019,Megan,ES,3,R,17.6,E,17:10
8/28/2019,Megan,ES,3,R,19,F,17:10
8/28/2019,Megan,ES,4,L,20.9,A,17:10
8/28/2019,Megan,ES,4,L,14.5,B,17:10
8/28/2019,Megan,ES,4,L,18.4,C,17:10
8/28/2019,Megan,ES,4,L,12.3,D,17:10
8/28/2019,Megan,ES,4,L,17,E,17:10
8/28/2019,Megan,ES,4,L,19,F,17:10
8/28/2019,Megan,ES,4,R,20,A,17:10
8/28/2019,Megan,ES,4,R,22.2,B,17:10
8/28/2019,Megan,ES,4,R,10.4,C,17:10
8/28/2019,Megan,ES,4,R,16.5,D,17:10
8/28/2019,Megan,ES,4,R,16.2,E,17:10
8/28/2019,Megan,ES,4,R,17.2,F,17:10
8/28/2019,Megan,ES,5,L,16.5,A,17:10
8/28/2019,Megan,ES,5,L,21.2,B,17:10
8/28/2019,Megan,ES,5,L,17.1,C,17:10
8/28/2019,Megan,ES,5,L,20.3,D,17:10
8/28/2019,Megan,ES,5,L,18,E,17:10
8/28/2019,Megan,ES,5,L,20,F,17:10
8/28/2019,Megan,ES,5,R,17.7,A,17:10
8/28/2019,Megan,ES,5,R,15.7,B,17:10
8/28/2019,Megan,ES,5,R,18.1,C,17:10
8/28/2019,Megan,ES,5,R,14.8,D,17:10
8/28/2019,Megan,ES,5,R,15,E,17:10
8/28/2019,Megan,ES,5,R,15.5,F,17:10
8/28/2019,Ed,ES,1,L,11.2,A,17:12
8/28/2019,Ed,ES,1,L,10.2,B,17:12
8/28/2019,Ed,ES,1,L,8.5,C,17:12
8/28/2019,Ed,ES,1,L,9.3,D,17:12
8/28/2019,Ed,ES,1,L,8.1,E,17:12
8/28/2019,Ed,ES,1,L,12.7,F,17:12
8/28/2019,Ed,ES,1,R,7.3,A,17:12
8/28/2019,Ed,ES,1,R,14.1,B,17:12
8/28/2019,Ed,ES,1,R,5.5,C,17:12
8/28/2019,Ed,ES,1,R,10.2,D,17:12
8/28/2019,Ed,ES,1,R,11.7,E,17:12
8/28/2019,Ed,ES,1,R,11.3,F,17:12
8/28/2019,Ed,ES,2,L,16,A,17:12
8/28/2019,Ed,ES,2,L,18.9,B,17:12
8/28/2019,Ed,ES,2,L,24.8,C,17:12
8/28/2019,Ed,ES,2,L,21.8,D,17:12
8/28/2019,Ed,ES,2,L,20.2,E,17:12
8/28/2019,Ed,ES,2,L,30.1,F,17:12
8/28/2019,Ed,ES,2,R,28.7,A,17:12
8/28/2019,Ed,ES,2,R,29.6,B,17:12
8/28/2019,Ed,ES,2,R,30.1,C,17:12
8/28/2019,Ed,ES,2,R,20.2,D,17:12
8/28/2019,Ed,ES,2,R,22.9,E,17:12
8/28/2019,Ed,ES,2,R,28.2,F,17:12
8/28/2019,Ed,ES,3,L,30,A,17:12
8/28/2019,Ed,ES,3,L,29.3,B,17:12
8/28/2019,Ed,ES,3,L,29.2,C,17:12
8/28/2019,Ed,ES,3,L,30.2,D,17:12
8/28/2019,Ed,ES,3,L,25.4,E,17:12
8/28/2019,Ed,ES,3,L,27.4,F,17:12
8/28/2019,Ed,ES,3,R,29.4,A,17:12
8/28/2019,Ed,ES,3,R,16,B,17:12
8/28/2019,Ed,ES,3,R,27,C,17:12
8/28/2019,Ed,ES,3,R,28.5,D,17:12
8/28/2019,Ed,ES,3,R,29.4,E,17:12
8/28/2019,Ed,ES,3,R,29.1,F,17:12
8/28/2019,Ed,ES,4,L,20.8,A,17:12
8/28/2019,Ed,ES,4,L,23.5,B,17:12
8/28/2019,Ed,ES,4,L,28.8,C,17:12
8/28/2019,Ed,ES,4,L,27.6,D,17:12
8/28/2019,Ed,ES,4,L,28.5,E,17:12
8/28/2019,Ed,ES,4,L,28.2,F,17:12
8/28/2019,Ed,ES,4,R,25,A,17:12
8/28/2019,Ed,ES,4,R,28.3,B,17:12
8/28/2019,Ed,ES,4,R,27.7,C,17:12
8/28/2019,Ed,ES,4,R,31.1,D,17:12
8/28/2019,Ed,ES,4,R,31.5,E,17:12
8/28/2019,Ed,ES,4,R,30.6,F,17:12
8/28/2019,Ed,ES,5,L,31.7,A,17:12
8/28/2019,Ed,ES,5,L,26,B,17:12
8/28/2019,Ed,ES,5,L,25.3,C,17:12
8/28/2019,Ed,ES,5,L,18.1,D,17:12
8/28/2019,Ed,ES,5,L,28.7,E,17:12
8/28/2019,Ed,ES,5,L,29,F,17:12
8/28/2019,Ed,ES,5,R,30.1,A,17:12
8/28/2019,Ed,ES,5,R,30.5,B,17:12
8/28/2019,Ed,ES,5,R,30,C,17:12
8/28/2019,Ed,ES,5,R,29.6,D,17:12
8/28/2019,Ed,ES,5,R,29.4,E,17:12
8/28/2019,Ed,ES,5,R,27.8,F,17:12
8/28/2019,Yu,ES,1,L,13.5,A,11:07
8/28/2019,Yu,ES,1,L,15.9,B,11:07
8/28/2019,Yu,ES,1,L,8.45,C,11:07
8/28/2019,Yu,ES,1,L,12.9,D,11:07
8/28/2019,Yu,ES,1,L,10.1,E,11:07
8/28/2019,Yu,ES,1,L,12.4,F,11:07
8/28/2019,Yu,ES,1,R,12.3,A,11:07
8/28/2019,Yu,ES,1,R,15.03,B,11:07
8/28/2019,Yu,ES,1,R,12.15,C,11:07
8/28/2019,Yu,ES,1,R,12.1,D,11:07
8/28/2019,Yu,ES,1,R,14.4,E,11:07
8/28/2019,Yu,ES,1,R,14.2,F,11:07
8/28/2019,Yu,ES,2,L,21.1,A,11:07
8/28/2019,Yu,ES,2,L,18.6,B,11:07
8/28/2019,Yu,ES,2,L,21.6,C,11:07
8/28/2019,Yu,ES,2,L,8.5,D,11:07
8/28/2019,Yu,ES,2,L,21.4,E,11:07
8/28/2019,Yu,ES,2,L,10.1,F,11:07
8/28/2019,Yu,ES,2,R,9.6,A,11:07
8/28/2019,Yu,ES,2,R,19.5,B,11:07
8/28/2019,Yu,ES,2,R,21.1,C,11:07
8/28/2019,Yu,ES,2,R,13,D,11:07
8/28/2019,Yu,ES,2,R,16.7,E,11:07
8/28/2019,Yu,ES,2,R,21.1,F,11:07
8/28/2019,Yu,ES,3,L,19.8,A,11:07
8/28/2019,Yu,ES,3,L,20.6,B,11:07
8/28/2019,Yu,ES,3,L,20.5,C,11:07
8/28/2019,Yu,ES,3,L,20.1,D,11:07
8/28/2019,Yu,ES,3,L,18.2,E,11:07
8/28/2019,Yu,ES,3,L,17.3,F,11:07
8/28/2019,Yu,ES,3,R,16.9,A,11:07
8/28/2019,Yu,ES,3,R,10.8,B,11:07
8/28/2019,Yu,ES,3,R,18.2,C,11:07
8/28/2019,Yu,ES,3,R,8.9,D,11:07
8/28/2019,Yu,ES,3,R,11.4,E,11:07
8/28/2019,Yu,ES,3,R,21.6,F,11:07
8/28/2019,Yu,ES,4,L,19.5,A,11:07
8/28/2019,Yu,ES,4,L,16.8,B,11:07
8/28/2019,Yu,ES,4,L,20.7,C,11:07
8/28/2019,Yu,ES,4,L,19.3,D,11:07
8/28/2019,Yu,ES,4,L,11,E,11:07
8/28/2019,Yu,ES,4,L,8.4,F,11:07
8/28/2019,Yu,ES,4,R,22.6,A,11:07
8/28/2019,Yu,ES,4,R,15.5,B,11:07
8/28/2019,Yu,ES,4,R,19.2,C,11:07
8/28/2019,Yu,ES,4,R,12.4,D,11:07
8/28/2019,Yu,ES,4,R,18.8,E,11:07
8/28/2019,Yu,ES,4,R,19.1,F,11:07
8/28/2019,Yu,ES,5,L,13.1,A,11:07
8/28/2019,Yu,ES,5,L,22.4,B,11:07
8/28/2019,Yu,ES,5,L,11.5,C,11:07
8/28/2019,Yu,ES,5,L,18.5,D,11:07
8/28/2019,Yu,ES,5,L,11.4,E,11:07
8/28/2019,Yu,ES,5,L,20.9,F,11:07
8/28/2019,Yu,ES,5,R,21,A,11:07
8/28/2019,Yu,ES,5,R,17.1,B,11:07
8/28/2019,Yu,ES,5,R,17,C,11:07
8/28/2019,Yu,ES,5,R,19.3,D,11:07
8/28/2019,Yu,ES,5,R,24.5,E,11:07
8/28/2019,Yu,ES,5,R,16.5,F,11:07
9/18/2019,Taylor,SB,2,L,7.58,A,4:20
9/18/2019,Taylor,SB,2,L,5.68,B,4:20
9/18/2019,Taylor,SB,2,L,5.76,C,4:20
9/18/2019,Taylor,SB,2,L,5.6,D,4:20
9/18/2019,Taylor,SB,2,L,7.47,E,4:20
9/18/2019,Taylor,SB,2,L,7.16,F,4:20
9/18/2019,Taylor,SB,2,R,6.51,A,4:20
9/18/2019,Taylor,SB,2,R,6.67,B,4:20
9/18/2019,Taylor,SB,2,R,5.99,C,4:20
9/18/2019,Taylor,SB,2,R,8.21,D,4:20
9/18/2019,Taylor,SB,2,R,5.84,E,4:20
9/18/2019,Taylor,SB,2,R,5,F,4:20
9/18/2019,Taylor,SB,3,L,6.3,A,4:20
9/18/2019,Taylor,SB,3,L,6.45,B,4:20
9/18/2019,Taylor,SB,3,L,6.63,C,4:20
9/18/2019,Taylor,SB,3,L,8.57,D,4:20
9/18/2019,Taylor,SB,3,L,6.38,E,4:20
9/18/2019,Taylor,SB,3,L,5.68,F,4:20
9/18/2019,Taylor,SB,3,R,6.87,A,4:20
9/18/2019,Taylor,SB,3,R,6.39,B,4:20
9/18/2019,Taylor,SB,3,R,6.88,C,4:20
9/18/2019,Taylor,SB,3,R,6.77,D,4:20
9/18/2019,Taylor,SB,3,R,6.49,E,4:20
9/18/2019,Taylor,SB,3,R,7.25,F,4:20
9/18/2019,Taylor,SB,4,L,6.13,A,4:20
9/18/2019,Taylor,SB,4,L,7.98,B,4:20
9/18/2019,Taylor,SB,4,L,7.24,C,4:20
9/18/2019,Taylor,SB,4,L,6.22,D,4:20
9/18/2019,Taylor,SB,4,L,8.91,E,4:20
9/18/2019,Taylor,SB,4,L,6.53,F,4:20
9/18/2019,Taylor,SB,4,R,5.84,A,4:20
9/18/2019,Taylor,SB,4,R,6.77,B,4:20
9/18/2019,Taylor,SB,4,R,7.25,C,4:20
9/18/2019,Taylor,SB,4,R,6.44,D,4:20
9/18/2019,Taylor,SB,4,R,6.72,E,4:20
9/18/2019,Taylor,SB,4,R,6.48,F,4:20
9/18/2019,Taylor,SB,5,L,6.76,A,4:20
9/18/2019,Taylor,SB,5,L,6.98,B,4:20
9/18/2019,Taylor,SB,5,L,7.44,C,4:20
9/18/2019,Taylor,SB,5,L,7.7,D,4:20
9/18/2019,Taylor,SB,5,L,5.77,E,4:20
9/18/2019,Taylor,SB,5,L,5.9,F,4:20
9/18/2019,Taylor,SB,5,R,6.58,A,4:20
9/18/2019,Taylor,SB,5,R,8.11,B,4:20
9/18/2019,Taylor,SB,5,R,7.65,C,4:20
9/18/2019,Taylor,SB,5,R,7.47,D,4:20
9/18/2019,Taylor,SB,5,R,5.32,E,4:20
9/18/2019,Taylor,SB,5,R,7.85,F,4:20
9/18/2019,Bethany,SB,2,L,8.03,A,4:30
9/18/2019,Bethany,SB,2,L,5.92,B,4:30
9/18/2019,Bethany,SB,2,L,7.51,C,4:30
9/18/2019,Bethany,SB,2,L,7.07,D,4:30
9/18/2019,Bethany,SB,2,L,6.35,E,4:30
9/18/2019,Bethany,SB,2,L,5.96,F,4:30
9/18/2019,Bethany,SB,2,R,7.01,A,4:30
9/18/2019,Bethany,SB,2,R,7.41,B,4:30
9/18/2019,Bethany,SB,2,R,7.19,C,4:30
9/18/2019,Bethany,SB,2,R,7.59,D,4:30
9/18/2019,Bethany,SB,2,R,8.16,E,4:30
9/18/2019,Bethany,SB,2,R,6.57,F,4:30
9/18/2019,Bethany,SB,3,L,6.19,A,4:30
9/18/2019,Bethany,SB,3,L,6.41,B,4:30
9/18/2019,Bethany,SB,3,L,5.77,C,4:30
9/18/2019,Bethany,SB,3,L,6.83,D,4:30
9/18/2019,Bethany,SB,3,L,5.46,E,4:30
9/18/2019,Bethany,SB,3,L,5.74,F,4:30
9/18/2019,Bethany,SB,3,R,7.89,A,4:30
9/18/2019,Bethany,SB,3,R,6.09,B,4:30
9/18/2019,Bethany,SB,3,R,6.59,C,4:30
9/18/2019,Bethany,SB,3,R,7.21,D,4:30
9/18/2019,Bethany,SB,3,R,5.82,E,4:30
9/18/2019,Bethany,SB,3,R,5.92,F,4:30
9/18/2019,Bethany,SB,4,L,6.98,A,4:30
9/18/2019,Bethany,SB,4,L,7.72,B,4:30
9/18/2019,Bethany,SB,4,L,5.62,C,4:30
9/18/2019,Bethany,SB,4,L,7.57,D,4:30
9/18/2019,Bethany,SB,4,L,5.8,E,4:30
9/18/2019,Bethany,SB,4,L,6.51,F,4:30
9/18/2019,Bethany,SB,4,R,8.13,A,4:30
9/18/2019,Bethany,SB,4,R,5.59,B,4:30
9/18/2019,Bethany,SB,4,R,6.15,C,4:30
9/18/2019,Bethany,SB,4,R,6.06,D,4:30
9/18/2019,Bethany,SB,4,R,6.84,E,4:30
9/18/2019,Bethany,SB,4,R,7.21,F,4:30
9/18/2019,Bethany,SB,5,L,6.15,A,4:30
9/18/2019,Bethany,SB,5,L,5.03,B,4:30
9/18/2019,Bethany,SB,5,L,6.05,C,4:30
9/18/2019,Bethany,SB,5,L,8.37,D,4:30
9/18/2019,Bethany,SB,5,L,7.01,E,4:30
9/18/2019,Bethany,SB,5,L,7.29,F,4:30
9/18/2019,Bethany,SB,5,R,8.45,A,4:30
9/18/2019,Bethany,SB,5,R,7.67,B,4:30
9/18/2019,Bethany,SB,5,R,6.74,C,4:30
9/18/2019,Bethany,SB,5,R,5.36,D,4:30
9/18/2019,Bethany,SB,5,R,7.4,E,4:30
9/18/2019,Bethany,SB,5,R,7.14,F,4:30
9/18/2019,Scott,SB,2,L,5.53,A,4:10
9/18/2019,Scott,SB,2,L,6.32,B,4:10
9/18/2019,Scott,SB,2,L,7.09,C,4:10
9/18/2019,Scott,SB,2,L,7.37,D,4:10
9/18/2019,Scott,SB,2,L,6.73,E,4:10
9/18/2019,Scott,SB,2,L,7.3,F,4:10
9/18/2019,Scott,SB,2,R,5.62,A,4:10
9/18/2019,Scott,SB,2,R,4.01,B,4:10
9/18/2019,Scott,SB,2,R,6.72,C,4:10
9/18/2019,Scott,SB,2,R,7.84,D,4:10
9/18/2019,Scott,SB,2,R,6.55,E,4:10
9/18/2019,Scott,SB,2,R,7.26,F,4:10
9/18/2019,Scott,SB,3,L,6.35,A,4:10
9/18/2019,Scott,SB,3,L,6.05,B,4:10
9/18/2019,Scott,SB,3,L,6.26,C,4:10
9/18/2019,Scott,SB,3,L,6.71,D,4:10
9/18/2019,Scott,SB,3,L,5.75,E,4:10
9/18/2019,Scott,SB,3,L,6.21,F,4:10
9/18/2019,Scott,SB,3,R,7.72,A,4:10
9/18/2019,Scott,SB,3,R,6.67,B,4:10
9/18/2019,Scott,SB,3,R,6.69,C,4:10
9/18/2019,Scott,SB,3,R,6.87,D,4:10
9/18/2019,Scott,SB,3,R,6.81,E,4:10
9/18/2019,Scott,SB,3,R,4.36,F,4:10
9/18/2019,Scott,SB,4,L,6.42,A,4:10
9/18/2019,Scott,SB,4,L,6.54,B,4:10
9/18/2019,Scott,SB,4,L,7.36,C,4:10
9/18/2019,Scott,SB,4,L,5.81,D,4:10
9/18/2019,Scott,SB,4,L,7.75,E,4:10
9/18/2019,Scott,SB,4,L,6.55,F,4:10
9/18/2019,Scott,SB,4,R,6.82,A,4:10
9/18/2019,Scott,SB,4,R,7.55,B,4:10
9/18/2019,Scott,SB,4,R,4.88,C,4:10
9/18/2019,Scott,SB,4,R,6.11,D,4:10
9/18/2019,Scott,SB,4,R,5.28,E,4:10
9/18/2019,Scott,SB,4,R,5.45,F,4:10
9/18/2019,Scott,SB,5,L,7.02,A,4:10
9/18/2019,Scott,SB,5,L,6.92,B,4:10
9/18/2019,Scott,SB,5,L,7.15,C,4:10
9/18/2019,Scott,SB,5,L,5.55,D,4:10
9/18/2019,Scott,SB,5,L,5.89,E,4:10
9/18/2019,Scott,SB,5,L,6.52,F,4:10
9/18/2019,Scott,SB,5,R,7.42,A,4:10
9/18/2019,Scott,SB,5,R,7.98,B,4:10
9/18/2019,Scott,SB,5,R,7.82,C,4:10
9/18/2019,Scott,SB,5,R,6.29,D,4:10
9/18/2019,Scott,SB,5,R,6.92,E,4:10
9/18/2019,Scott,SB,5,R,6.9,F,4:10
9/18/2019,Katherine,SB,2,L,6.8,A,4:22
9/18/2019,Katherine,SB,2,L,6.19,B,4:22
9/18/2019,Katherine,SB,2,L,8.64,C,4:22
9/18/2019,Katherine,SB,2,L,7.41,D,4:22
9/18/2019,Katherine,SB,2,L,6.99,E,4:22
9/18/2019,Katherine,SB,2,L,5.1,F,4:22
9/18/2019,Katherine,SB,2,R,8.51,A,4:22
9/18/2019,Katherine,SB,2,R,8.73,B,4:22
9/18/2019,Katherine,SB,2,R,8.79,C,4:22
9/18/2019,Katherine,SB,2,R,7.61,D,4:22
9/18/2019,Katherine,SB,2,R,7.64,E,4:22
9/18/2019,Katherine,SB,2,R,8.05,F,4:22
9/18/2019,Katherine,SB,3,L,6.72,A,4:22
9/18/2019,Katherine,SB,3,L,7.44,B,4:22
9/18/2019,Katherine,SB,3,L,6.64,C,4:22
9/18/2019,Katherine,SB,3,L,7.23,D,4:22
9/18/2019,Katherine,SB,3,L,6.91,E,4:22
9/18/2019,Katherine,SB,3,L,7.34,F,4:22
9/18/2019,Katherine,SB,3,R,6.55,A,4:22
9/18/2019,Katherine,SB,3,R,7.46,B,4:22
9/18/2019,Katherine,SB,3,R,6.99,C,4:22
9/18/2019,Katherine,SB,3,R,7.3,D,4:22
9/18/2019,Katherine,SB,3,R,8.14,E,4:22
9/18/2019,Katherine,SB,3,R,7.75,F,4:22
9/18/2019,Katherine,SB,4,L,7.49,A,4:22
9/18/2019,Katherine,SB,4,L,6.54,B,4:22
9/18/2019,Katherine,SB,4,L,6.98,C,4:22
9/18/2019,Katherine,SB,4,L,7.24,D,4:22
9/18/2019,Katherine,SB,4,L,7.78,E,4:22
9/18/2019,Katherine,SB,4,L,7.52,F,4:22
9/18/2019,Katherine,SB,4,R,8.06,A,4:22
9/18/2019,Katherine,SB,4,R,6.76,B,4:22
9/18/2019,Katherine,SB,4,R,5.03,C,4:22
9/18/2019,Katherine,SB,4,R,6.88,D,4:22
9/18/2019,Katherine,SB,4,R,7.64,E,4:22
9/18/2019,Katherine,SB,4,R,6.31,F,4:22
9/18/2019,Katherine,SB,5,L,7.76,A,4:22
9/18/2019,Katherine,SB,5,L,6.72,B,4:22
9/18/2019,Katherine,SB,5,L,7.21,C,4:22
9/18/2019,Katherine,SB,5,L,6.34,D,4:22
9/18/2019,Katherine,SB,5,L,8.32,E,4:22
9/18/2019,Katherine,SB,5,L,7.62,F,4:22
9/18/2019,Katherine,SB,5,R,8.94,A,4:22
9/18/2019,Katherine,SB,5,R,6.68,B,4:22
9/18/2019,Katherine,SB,5,R,7.66,C,4:22
9/18/2019,Katherine,SB,5,R,7.94,D,4:22
9/18/2019,Katherine,SB,5,R,7.94,E,4:22
9/18/2019,Katherine,SB,5,R,7.81,F,4:22
9/18/2019,Ed,SB,2,L,5.72,A,6:00
9/18/2019,Ed,SB,2,L,5.42,B,6:00
9/18/2019,Ed,SB,2,L,3.1,C,6:00
9/18/2019,Ed,SB,2,L,5.9,D,6:00
9/18/2019,Ed,SB,2,L,6.56,E,6:00
9/18/2019,Ed,SB,2,L,5.7,F,6:00
9/18/2019,Ed,SB,2,R,6.7,A,6:00
9/18/2019,Ed,SB,2,R,6.32,B,6:00
9/18/2019,Ed,SB,2,R,7.79,C,6:00
9/18/2019,Ed,SB,2,R,8.72,D,6:00
9/18/2019,Ed,SB,2,R,6.63,E,6:00
9/18/2019,Ed,SB,2,R,7.83,F,6:00
9/18/2019,Ed,SB,3,L,5.99,A,6:00
9/18/2019,Ed,SB,3,L,6.4,B,6:00
9/18/2019,Ed,SB,3,L,5.1,C,6:00
9/18/2019,Ed,SB,3,L,6.21,D,6:00
9/18/2019,Ed,SB,3,L,7.15,E,6:00
9/18/2019,Ed,SB,3,L,6.42,F,6:00
9/18/2019,Ed,SB,3,R,5.47,A,6:00
9/18/2019,Ed,SB,3,R,7.66,B,6:00
9/18/2019,Ed,SB,3,R,6.24,C,6:00
9/18/2019,Ed,SB,3,R,7.01,D,6:00
9/18/2019,Ed,SB,3,R,7.3,E,6:00
9/18/2019,Ed,SB,3,R,6.42,F,6:00
9/18/2019,Ed,SB,4,L,6.91,A,6:00
9/18/2019,Ed,SB,4,L,6.49,B,6:00
9/18/2019,Ed,SB,4,L,6.84,C,6:00
9/18/2019,Ed,SB,4,L,7.25,D,6:00
9/18/2019,Ed,SB,4,L,6.12,E,6:00
9/18/2019,Ed,SB,4,L,7.67,F,6:00
9/18/2019,Ed,SB,4,R,7.44,A,6:00
9/18/2019,Ed,SB,4,R,8.45,B,6:00
9/18/2019,Ed,SB,4,R,7.97,C,6:00
9/18/2019,Ed,SB,4,R,5.08,D,6:00
9/18/2019,Ed,SB,4,R,6.62,E,6:00
9/18/2019,Ed,SB,4,R,7.13,F,6:00
9/18/2019,Ed,SB,5,L,7.89,A,6:00
9/18/2019,Ed,SB,5,L,6.37,B,6:00
9/18/2019,Ed,SB,5,L,6.65,C,6:00
9/18/2019,Ed,SB,5,L,7.35,D,6:00
9/18/2019,Ed,SB,5,L,5.79,E,6:00
9/18/2019,Ed,SB,5,L,5.97,F,6:00
9/18/2019,Ed,SB,5,R,6.38,A,6:00
9/18/2019,Ed,SB,5,R,6.11,B,6:00
9/18/2019,Ed,SB,5,R,6.92,C,6:00
9/18/2019,Ed,SB,5,R,8.7,D,6:00
9/18/2019,Ed,SB,5,R,6.38,E,6:00
9/18/2019,Ed,SB,5,R,6.53,F,6:00
N/A,Matt,BC,1,N/A,9.32,A,4:52
N/A,Matt,BC,1,N/A,9.01,B,4:52
N/A,Matt,BC,1,N/A,11.48,C,4:52
N/A,Matt,BC,1,N/A,13.05,D,4:52
N/A,Matt,BC,1,N/A,11.99,E,4:52
N/A,Matt,BC,1,N/A,8.62,F,4:52
N/A,Matt,BC,1,N/A,8.15,A,4:52
N/A,Matt,BC,1,N/A,7.52,B,4:52
N/A,Matt,BC,1,N/A,8.06,C,4:52
N/A,Matt,BC,1,N/A,11.15,D,4:52
N/A,Matt,BC,1,N/A,11.98,E,4:52
N/A,Matt,BC,1,N/A,11.5,F,4:52
N/A,Matt,BC,2,N/A,17.08,A,4:52
N/A,Matt,BC,2,N/A,20.47,B,4:52
N/A,Matt,BC,2,N/A,7.58,C,4:52
N/A,Matt,BC,2,N/A,9.53,D,4:52
N/A,Matt,BC,2,N/A,20.73,E,4:52
N/A,Matt,BC,2,N/A,20.31,F,4:52
N/A,Matt,BC,2,N/A,18.54,A,4:52
N/A,Matt,BC,2,N/A,16.61,B,4:52
N/A,Matt,BC,2,N/A,17.91,C,4:52
N/A,Matt,BC,2,N/A,12.62,D,4:52
N/A,Matt,BC,2,N/A,18.7,E,4:52
N/A,Matt,BC,2,N/A,4.68,F,4:52
N/A,Matt,BC,3,N/A,20.06,A,4:52
N/A,Matt,BC,3,N/A,13.59,B,4:52
N/A,Matt,BC,3,N/A,19.55,C,4:52
N/A,Matt,BC,3,N/A,17.57,D,4:52
N/A,Matt,BC,3,N/A,17.42,E,4:52
N/A,Matt,BC,3,N/A,15.23,F,4:52
N/A,Matt,BC,3,N/A,16.16,A,4:52
N/A,Matt,BC,3,N/A,17.12,B,4:52
N/A,Matt,BC,3,N/A,15.85,C,4:52
N/A,Matt,BC,3,N/A,9,D,4:52
N/A,Matt,BC,3,N/A,12.08,E,4:52
N/A,Matt,BC,3,N/A,15.89,F,4:52
N/A,Matt,BC,4,N/A,20.98,A,4:52
N/A,Matt,BC,4,N/A,19.97,B,4:52
N/A,Matt,BC,4,N/A,18.93,C,4:52
N/A,Matt,BC,4,N/A,15.68,D,4:52
N/A,Matt,BC,4,N/A,8.42,E,4:52
N/A,Matt,BC,4,N/A,20.08,F,4:52
N/A,Matt,BC,4,N/A,10.06,A,4:52
N/A,Matt,BC,4,N/A,13.2,B,4:52
N/A,Matt,BC,4,N/A,13.4,C,4:52
N/A,Matt,BC,4,N/A,15.86,D,4:52
N/A,Matt,BC,4,N/A,18.87,E,4:52
N/A,Matt,BC,4,N/A,15.52,F,4:52
N/A,Matt,BC,5,N/A,9.15,A,4:52
N/A,Matt,BC,5,N/A,19.81,B,4:52
N/A,Matt,BC,5,N/A,18.89,C,4:52
N/A,Matt,BC,5,N/A,9.45,D,4:52
N/A,Matt,BC,5,N/A,14.49,E,4:52
N/A,Matt,BC,5,N/A,16.88,F,4:52
N/A,Matt,BC,5,N/A,16.5,A,4:52
N/A,Matt,BC,5,N/A,16.01,B,4:52
N/A,Matt,BC,5,N/A,15.58,C,4:52
N/A,Matt,BC,5,N/A,14.13,D,4:52
N/A,Matt,BC,5,N/A,17.28,E,4:52
N/A,Matt,BC,5,N/A,15.45,F,4:52
N/A,Matt,ZM,1,N/A,14.09,A,4:53
N/A,Matt,ZM,1,N/A,13.6,B,4:53
N/A,Matt,ZM,1,N/A,16.27,C,4:53
N/A,Matt,ZM,1,N/A,16.11,D,4:53
N/A,Matt,ZM,1,N/A,14.24,E,4:53
N/A,Matt,ZM,1,N/A,16.58,F,4:53
N/A,Matt,ZM,1,N/A,20.92,A,4:53
N/A,Matt,ZM,1,N/A,19.74,B,4:53
N/A,Matt,ZM,1,N/A,14.87,C,4:53
N/A,Matt,ZM,1,N/A,15.54,D,4:53
N/A,Matt,ZM,1,N/A,18.82,E,4:53
N/A,Matt,ZM,1,N/A,14.82,F,4:53
N/A,Matt,ZM,2,N/A,22.87,A,4:53
N/A,Matt,ZM,2,N/A,19.85,B,4:53
N/A,Matt,ZM,2,N/A,17.03,C,4:53
N/A,Matt,ZM,2,N/A,24.93,D,4:53
N/A,Matt,ZM,2,N/A,20.15,E,4:53
N/A,Matt,ZM,2,N/A,20.04,F,4:53
N/A,Matt,ZM,2,N/A,21.68,A,4:53
N/A,Matt,ZM,2,N/A,18.64,B,4:53
N/A,Matt,ZM,2,N/A,22.98,C,4:53
N/A,Matt,ZM,2,N/A,24.98,D,4:53
N/A,Matt,ZM,2,N/A,19.22,E,4:53
N/A,Matt,ZM,2,N/A,18.03,F,4:53
N/A,Matt,ZM,3,N/A,19.77,A,4:53
N/A,Matt,ZM,3,N/A,26.62,B,4:53
N/A,Matt,ZM,3,N/A,20.7,C,4:53
N/A,Matt,ZM,3,N/A,18.4,D,4:53
N/A,Matt,ZM,3,N/A,3.7,E,4:53
N/A,Matt,ZM,3,N/A,19.95,F,4:53
N/A,Matt,ZM,3,N/A,22.05,A,4:53
N/A,Matt,ZM,3,N/A,20.58,B,4:53
N/A,Matt,ZM,3,N/A,21.07,C,4:53
N/A,Matt,ZM,3,N/A,22.17,D,4:53
N/A,Matt,ZM,3,N/A,25.98,E,4:53
N/A,Matt,ZM,3,N/A,25.13,F,4:53
N/A,Matt,ZM,4,N/A,14.45,A,4:53
N/A,Matt,ZM,4,N/A,23.38,B,4:53
N/A,Matt,ZM,4,N/A,15.83,C,4:53
N/A,Matt,ZM,4,N/A,22.46,D,4:53
N/A,Matt,ZM,4,N/A,19.51,E,4:53
N/A,Matt,ZM,4,N/A,18.07,F,4:53
N/A,Matt,ZM,4,N/A,21.42,A,4:53
N/A,Matt,ZM,4,N/A,18.56,B,4:53
N/A,Matt,ZM,4,N/A,20.35,C,4:53
N/A,Matt,ZM,4,N/A,20.35,D,4:53
N/A,Matt,ZM,4,N/A,21.27,E,4:53
N/A,Matt,ZM,4,N/A,18.77,F,4:53
N/A,Matt,ZM,5,N/A,19.66,A,4:53
N/A,Matt,ZM,5,N/A,22.88,B,4:53
N/A,Matt,ZM,5,N/A,23.93,C,4:53
N/A,Matt,ZM,5,N/A,18.67,D,4:53
N/A,Matt,ZM,5,N/A,20.21,E,4:53
N/A,Matt,ZM,5,N/A,24.46,F,4:53
N/A,Matt,ZM,5,N/A,20.01,A,4:53
N/A,Matt,ZM,5,N/A,23.37,B,4:53
N/A,Matt,ZM,5,N/A,21.24,C,4:53
N/A,Matt,ZM,5,N/A,20.44,D,4:53
N/A,Matt,ZM,5,N/A,22.67,E,4:53
N/A,Matt,ZM,5,N/A,7.55,F,4:53
N/A,Taylor,BC,1,N/A,8.27,A,6:14
N/A,Taylor,BC,1,N/A,8.94,B,6:14
N/A,Taylor,BC,1,N/A,11.26,C,6:14
N/A,Taylor,BC,1,N/A,9.08,D,6:14
N/A,Taylor,BC,1,N/A,9.35,E,6:14
N/A,Taylor,BC,1,N/A,11.91,F,6:14
N/A,Taylor,BC,1,N/A,8.98,A,6:14
N/A,Taylor,BC,1,N/A,13.38,B,6:14
N/A,Taylor,BC,1,N/A,12.9,C,6:14
N/A,Taylor,BC,1,N/A,10.43,D,6:14
N/A,Taylor,BC,1,N/A,11.27,E,6:14
N/A,Taylor,BC,1,N/A,11.19,F,6:14
N/A,Taylor,BC,2,N/A,13.63,A,6:14
N/A,Taylor,BC,2,N/A,20.7,B,6:14
N/A,Taylor,BC,2,N/A,19.47,C,6:14
N/A,Taylor,BC,2,N/A,4.8,D,6:14
N/A,Taylor,BC,2,N/A,16.8,E,6:14
N/A,Taylor,BC,2,N/A,20.23,F,6:14
N/A,Taylor,BC,2,N/A,18.03,A,6:14
N/A,Taylor,BC,2,N/A,12.98,B,6:14
N/A,Taylor,BC,2,N/A,17.7,C,6:14
N/A,Taylor,BC,2,N/A,18.66,D,6:14
N/A,Taylor,BC,2,N/A,16.39,E,6:14
N/A,Taylor,BC,2,N/A,17.85,F,6:14
N/A,Taylor,BC,3,N/A,13.52,A,6:14
N/A,Taylor,BC,3,N/A,9.04,B,6:14
N/A,Taylor,BC,3,N/A,14.74,C,6:14
N/A,Taylor,BC,3,N/A,18.22,D,6:14
N/A,Taylor,BC,3,N/A,17.49,E,6:14
N/A,Taylor,BC,3,N/A,17.01,F,6:14
N/A,Taylor,BC,3,N/A,10.9,A,6:14
N/A,Taylor,BC,3,N/A,12.74,B,6:14
N/A,Taylor,BC,3,N/A,9.55,C,6:14
N/A,Taylor,BC,3,N/A,13.26,D,6:14
N/A,Taylor,BC,3,N/A,10.61,E,6:14
N/A,Taylor,BC,3,N/A,10.45,F,6:14
N/A,Taylor,BC,4,N/A,18.48,A,6:14
N/A,Taylor,BC,4,N/A,13.9,B,6:14
N/A,Taylor,BC,4,N/A,13.31,C,6:14
N/A,Taylor,BC,4,N/A,19.02,D,6:14
N/A,Taylor,BC,4,N/A,21.36,E,6:14
N/A,Taylor,BC,4,N/A,14.78,F,6:14
N/A,Taylor,BC,4,N/A,12.74,A,6:14
N/A,Taylor,BC,4,N/A,18.05,B,6:14
N/A,Taylor,BC,4,N/A,14.92,C,6:14
N/A,Taylor,BC,4,N/A,18.07,D,6:14
N/A,Taylor,BC,4,N/A,15.71,E,6:14
N/A,Taylor,BC,4,N/A,15.13,F,6:14
N/A,Taylor,BC,5,N/A,17.14,A,6:14
N/A,Taylor,BC,5,N/A,9.3,B,6:14
N/A,Taylor,BC,5,N/A,19.58,C,6:14
N/A,Taylor,BC,5,N/A,19.36,D,6:14
N/A,Taylor,BC,5,N/A,9.13,E,6:14
N/A,Taylor,BC,5,N/A,14.95,F,6:14
N/A,Taylor,BC,5,N/A,15.4,A,6:14
N/A,Taylor,BC,5,N/A,12.28,B,6:14
N/A,Taylor,BC,5,N/A,17.84,C,6:14
N/A,Taylor,BC,5,N/A,18.43,D,6:14
N/A,Taylor,BC,5,N/A,15.65,E,6:14
N/A,Taylor,BC,5,N/A,18.13,F,6:14
N/A,Taylor,ZM,1,N/A,18.26,A,6:13
N/A,Taylor,ZM,1,N/A,19.24,B,6:13
N/A,Taylor,ZM,1,N/A,14.38,C,6:13
N/A,Taylor,ZM,1,N/A,18.33,D,6:13
N/A,Taylor,ZM,1,N/A,17.22,E,6:13
N/A,Taylor,ZM,1,N/A,16.6,F,6:13
N/A,Taylor,ZM,1,N/A,18.27,A,6:13
N/A,Taylor,ZM,1,N/A,15.06,B,6:13
N/A,Taylor,ZM,1,N/A,16.25,C,6:13
N/A,Taylor,ZM,1,N/A,17.98,D,6:13
N/A,Taylor,ZM,1,N/A,14.65,E,6:13
N/A,Taylor,ZM,1,N/A,17.49,F,6:13
N/A,Taylor,ZM,2,N/A,22.48,A,6:13
N/A,Taylor,ZM,2,N/A,19.58,B,6:13
N/A,Taylor,ZM,2,N/A,22.14,C,6:13
N/A,Taylor,ZM,2,N/A,18.93,D,6:13
N/A,Taylor,ZM,2,N/A,24.44,E,6:13
N/A,Taylor,ZM,2,N/A,21.5,F,6:13
N/A,Taylor,ZM,2,N/A,25.65,A,6:13
N/A,Taylor,ZM,2,N/A,21.24,B,6:13
N/A,Taylor,ZM,2,N/A,22.36,C,6:13
N/A,Taylor,ZM,2,N/A,21.58,D,6:13
N/A,Taylor,ZM,2,N/A,22.96,E,6:13
N/A,Taylor,ZM,3,N/A,24.14,A,6:13
N/A,Taylor,ZM,3,N/A,28.56,B,6:13
N/A,Taylor,ZM,3,N/A,19.17,C,6:13
N/A,Taylor,ZM,3,N/A,19.47,D,6:13
N/A,Taylor,ZM,3,N/A,8.85,E,6:13
N/A,Taylor,ZM,3,N/A,19.28,F,6:13
N/A,Taylor,ZM,3,N/A,22.58,A,6:13
N/A,Taylor,ZM,3,N/A,29.07,B,6:13
N/A,Taylor,ZM,3,N/A,23.23,C,6:13
N/A,Taylor,ZM,3,N/A,19.1,D,6:13
N/A,Taylor,ZM,3,N/A,21.43,E,6:13
N/A,Taylor,ZM,4,N/A,16.37,A,6:13
N/A,Taylor,ZM,4,N/A,20.3,B,6:13
N/A,Taylor,ZM,4,N/A,21.03,C,6:13
N/A,Taylor,ZM,4,N/A,16.26,D,6:13
N/A,Taylor,ZM,4,N/A,21.56,E,6:13
N/A,Taylor,ZM,4,N/A,18.67,F,6:13
N/A,Taylor,ZM,4,N/A,24.28,A,6:13
N/A,Taylor,ZM,4,N/A,25.72,B,6:13
N/A,Taylor,ZM,4,N/A,19.57,C,6:13
N/A,Taylor,ZM,4,N/A,23.61,D,6:13
N/A,Taylor,ZM,4,N/A,24.02,E,6:13
N/A,Taylor,ZM,4,N/A,18.78,F,6:13
N/A,Taylor,ZM,5,N/A,23.17,A,6:13
N/A,Taylor,ZM,5,N/A,23.99,B,6:13
N/A,Taylor,ZM,5,N/A,28.53,C,6:13
N/A,Taylor,ZM,5,N/A,20.39,D,6:13
N/A,Taylor,ZM,5,N/A,21.08,E,6:13
N/A,Taylor,ZM,5,N/A,21.68,F,6:13
N/A,Taylor,ZM,5,N/A,24.62,A,6:13
N/A,Taylor,ZM,5,N/A,7.11,B,6:13
N/A,Taylor,ZM,5,N/A,24.63,C,6:13
N/A,Taylor,ZM,5,N/A,19.69,D,6:13
N/A,Taylor,ZM,5,N/A,19.68,E,6:13
N/A,Taylor,ZM,5,N/A,21.75,F,6:13
